Chủ đề;Nội dung
Cách ăn ở;Sạch sẻ\nPhàm muốn cho quần áo sạch sẻ, thì từ cách phơi, cách giặc, tuy việc thường, nhưng cũng phải biết rỏ, nay xin kể lần cách ấy ra sau đây:\nPhơi nắng. - Hàng màu phải mơi trong mát, trừ ra có mền nệm, thì phơi trực-tiếp ngay ngoài nắng được, nhưng cũng phải lấy vải mỏng mà phủ lên trên, mới khỏi bay lợt màu sắc.\nGiặt. - Giặt là một việc cần nhứt trong cách sạch sẻ, hàng tơ lụa thì không nên đập và vặn quá, và hàng gai, nỉ cũng vậy. Hàng vải mà dơ, thì trước hết đem sát sà-bong, rồi cho trong nước Potasse mà nấu, sau sẻ lấy ra vò giặt cho kỷ, hoặc lấy bàn chải mà chà.\nCách nấu nước nóng, tuy là mau hết dơ thiệt, nhưng vải có màu, không nên theo như cách ấy, trừ chỉ có đồ trắng mà thôi. giặt rồi cũng phải đem xả mấy lần trước trong cho hết hơi sà-bong mới là sạch.
Phép nuôi con;Cách nghỉ, cách ăn của đờn-bà đẻ\nTrong khi đã nằm chổ, người sản-phụ phải nghĩ yên tịnh đừng cho có ai nói lớn tiếng, khi khát nước thì uống sữa, hoặc nước trà ấm ấm, hay là tròng đỏ trứng gà đánh với nước cháo loãng. Vì là người đờn bà khi đã sanh đẻ, đường tinh-thần mỏi mệt, nên phải ăn đồ bổ-dưởng và mau tiêu-hóa, chớ khá dùng món chi có tánh nhạt ngũ-tạng, như đồ chua, cay, chát, v.v.\nSạch sẻ và quần áo\nSự thân thể sạch sẻ thì không cứ lúc nào, cũng phải cần đến, thì chẳng nói chi, song khi nằm chổ rồi, chưa vận-động được, mà muốn sạch nữa, thì nấu nước nóng mà lau mình, lúc ấy là lúc dể bề cãm-mạo, thường phải mặc đồ vải bông, mà áo lót mình phải mỗi ngày mỗi thay, đặng cho khỏi nhiễm cái khí thấp.
Đối với người nhà;"Tôi tớ\nViệc vặt trong nhà, thế không nuôi đầy tớ, thì không ai thay đở việc mình. Bởi rứa cho nên tôi tớ, là nhà nào cũng cần phải có.\nPhàm người đã ở mướn cho ta, thì cũng là người nhà ta cả, lẻ ấy đã đành rồi, Nhưng tôi tớ thiệt là có một cái ảnh-hưởng lớn trong gia-đình; phàm mẹ chồng nàng dâu không ưa nha, chị em anh em hay rầy lộn, phần nhiều bởi cái lưỡi dài thọc mạch của đứa ở mà ra. Đến đổi cái ái-tình vợ chồng, thân mật là thế, mà bị đứa ác-nô nó làm lạt lẻo đi cũng có. Bởi vậy nhà không có một đứa tôi tớ cho trung thành, thì cái hạnh phước trong gia-đình, cũng khó bề mỹ-mãn. Không những vậy mà thôi, lại còn nó làm cho tàn cho hại nữa; đập bể chén bát, hao phí củi than, tiu người chủ-phụ tiếc từ hột cơm rơi, mà nó phí của trời, không mất tiền mua không xót. Việc giao tế trong khi ứng-đối, cũng vì nó mà chủ khách mích lòng nhau, dẩu người chủ-phụ tiếp khách hết lễ cách mấy, tuy khách miệng không nói ra mà trong lòng đã ngụ ý cười nhà ta ăn ở không có phép tắc. Còn đến di hại cho con cái trong nhà, cũng là lớn nữa, nên nuôi kẻ tôi tớ, nhứt phải lựa kỷ mới được."
Đối với người nhà;Ở với chồng. - Vợ chồng ở với nhau, trăm năm về lâu, không phải như phường trong dâu trên bộc, ăn sổi ở thì, dẩu chồng không được nhờ, mà chồng khờ cũng chịu, nên lấy cái ái-tình mà đối với nhau, đặng cho người chồng vui lòng lo lắng việc ngoài xã-hội, gái có công, chồng không phụ, lời Cổ-nhơn nói chẳng sai đâu.\nỞ với anh em chị em chồng. \nAnh em chị em nhà chồng tuy có kẻ lớn người nhỏ, nhưng cũng là ruột thịt, máu mủ với chồng ta, ta đã quí chồng ta, thì phải quí anh em chị em họ nhà chồng, có vui cùng vui, mà lo cùng lo, đừng như những kẻ lấy chồng chỉ biết một mình chồng, đông không có tây, mây không có sao, người ta cô thân, thì khó bề sanh tồn ở trong thời buổi cạnh-tranh nầy đặng.
Đối với người ngoài;Cách giao-tế\nĐối với hạng người ngoài họ mình, như trên đã nói, phải nhứt là giữ điều tín nghĩa làm đâu, lấy can-cảm mà kết giao với thiên-hạ. Nói rỏ ra là có cái đức khiêm cung, lòng tự trọng, lượng khoan-hồng, chí nghĩa-hiệp, trách người một mà trách ta mười.\nPhàm người đủ mấy đức ấy, thì dẩu có oai nghiệm mà không hòa nhã, thì cũng không đủ làm cho người ta thương yêu. Cái lối giao-tế, nhứt sắc mặt phải vui vẻ, lời nói phải cẩn thận, khi ngồi khi đứng, lúc ra lúc vô, phải cho có lễ phép. Hoặc đến đâu phải chủ ý coi theo phong tục đấy. nên tục ngữ ta có câu rằng:  «Nhập giang tùy khúc, nhập gia tùy tục» là thế.\nNgười ta thường nói: chơi với nhau chỉ có cái thiệt là hơn, tuy vậy vì sự thiệt mà sanh ra mích lòng nhau, đời thường thường thấy. Đờn-bà ta nhứt phải nên lấy cái đức khiêm-cung, cảm động người khác, nếu có ai không vừa lòng, thì ta hảy nên xét lỗi của ta trước.
Nữ-tữ giáo dục;Vẩn con trẻ ít biết mình chớ nên dạy gấp nó nói, là vì nếu ít biết thì nó lại hay hỏi mà biết. Cái tánh tọc-mạch ấy trẻ nào cũng có. Thế thì nên chìu theo cái tánh tự-nhiên đó mà sữa dạy lần lần thì là tốt hơn, ấy là những hồi dể cho ta chỉ dạy đó. Thí dụ như mình dắt trẻ dạo chợ chơi, nó thấy xe hơi lấy làm lạ, không biết con gì không tai không mắt mà chạy mau như thế, liền hỏi mình. Mình nên thừa diệp đấy mà cắt nghĩa cho nó biết cái đó là cái xe hơi, sao mà người ta kêu là cái xe hơi, xe hơi sao mà mắt hơn xe ngựa, xe hơi thế nào mà chạy mau, giàu nghèo ai mới sấm đặng v.v. Hay là mình giắt nó dạo ruộng, nó thấy người ta đang gặt lúa nó không biết liền hỏi, thì mình phải cắt nghĩa người gặt đó là ai, cây đó là lúa, rồi lúa người ta làm sao ra gạo, gạo làm sao thành ra cơm, nếu không cơm-gạo con người phải ra thể nào v.v.\nVả lúc đấy nó không biết, nó muốn hỏi mà biết, nên dễ cho ta chĩ dạy nó, còn nó thì lại mau hiễu và lại nhớ dai. Bất câu là trong việc gì, nếu mình chỉ dạy nó thì nên chĩ sao mà lợi, sao mà hại.\nTrong ốc trẻ khi đấy lại chưa in khắc đều gì nên nó chưa quen tánh chi cả, chỉ thấy việc gì ai làm thì hay bắt chước. Bởi vậy cho nên hể việc gì mình làm trước mắt nó, là làm gương cho nó đó, thế thì mình phải làm gương lành, chĩ gương tốt cho nó bắt chước. Nếu chĩ dạy nó, thì trước hết phải biết tánh con mình chớ nên làm cho nó sợ sệt mà chĩ dạy, là vì nhiều khi nó sợ mà phải ép mình mà làm, chừng vắn mặt mình nó quên, nên chẳng chi tốt bằng làm thế nào cho nó biết nghe lời, và rỏ lợi hại mà làm theo.\nVả lại phải làm cho nó biết sự thưởng phạt là đều cần nhứt, làm thế nào đặng thưởng, thế nào bị phạt, hoặc mướn món nó ham muốn lắm đó làm món thưởng phạt. Tĩ như nó thường ham chơi con bú-bế (poupée) lắm, vậy mổi khi nó chẳng nghe lời cùng làm sái, thì cất món chơi đó chẳng cho nó chơi ấy là phạt, còn nếu nó làm đều chi phải cùng là biết nghe lời thì mình lấy món ấy mà cho nó chơi. Ấy là cũng một cách dạy lần trẻ nhỏ biết đều thưởng phạt,
Nữ-tữ giáo dục;"Trong lúc trẻ còn thơ, mẹ cha nên giữ gìn món ăn giất ngũ cho trẻ, đừng bê-trể, việc vệ-sanh làm cho nó yếu sức đi, bởi thế thì nên cho nó dùng vật-thực thường, lựa món nào dể tiêu-hoá bổ-dưởng đặng thì tốt hơn là tập cho nó ăn quen đồ mĩ-vị cao-lương, chê đồ lê-quất, nhứt là cho trẻ ăn uống có độ lượng, có chừng đổi, đừng mới ăn đó trong giây lát thấy bánh-trái cùng là đồ ăn gì khác nó đòi ăn cũng cho ăn thì hại lắm, là vị đồ ăn kia chưa tiêu-hoá, chêm thêm đồ khác nữa làm cho tiêu-hoá phải chậm chạp, thế thì làm hại cho bao-tữ trẻ, và lần lần trẻ lại quen thói ăn uống không chừng, đụng đâu ăn đó.\nVà lại còn một đều cần nhứt nữa là phải để ngũ tạn cũa trẻ cho nhuần chớ nên ép gấp nó dầu việc học cũng vậy, phải làm thế nào đừng cho hay dục tốc, phải kềm chế cho thuần tánh nó thì sau nó mới dể dạy, hể dạy biểu đều gì nó hay nghe; hể gặp việc chi khó cứ bền lòng mà làm cho thành tựu không thổi chí; hể việc gay trở cùng là nguy hiểm cũng không hoản-hốt, chẩm rải nghĩ-suy rồi sẻ hay. Nếu buổi đầu không lo lắm mấy việc ấy, dầu khi trộng tuổi thì sở dục nó càng lừng-lẩy, không kềm chế đặng, thành tánh tự-nhiên, chừng ấy dể mà xiêu ngã bên đường quấy.\nĐến khi tuổi nó càng ngày càng trộng, vừa hết lẻ phải quấy thì mình phải cẩn-thận lời nói làm cho nó ưa sự thật-thà, ghét đều giã dối. Bởi vậy mình chớ nên gạt gẩm nó, tuy trong việc nhỏ-mọn thế nào cũng vậy, thí dụ như trẻ đang khóc đòi ăn món chi đó, mình cho cùng không cho thì cứ lấy lời phải mà nói cho nó nghe, chớ nên nói dối với nó: nín đi con, chập đây mẹ mua cho con, nói rồi bỏ qua, dẩu nó nính, không đòi nữa, mình làm vậy đó là mình dạy trẻ nói láo đó và lại đến sau mình nói nữa nó cũng không tin."
Nữ-tữ giáo dục;Phần làm mẹ cha phải chủ-ý mà coi cho biết tánh trẻ hay ham hố đều gì hơn, dầu trong việc nhỏ mọn hơn hết cũng vậy, hầu có ngăn ngừa trước những đều nó ham hố quấy, vẩn cái vóc nó trong lúc đáy, tôi đã nói trong bài nữ-tữ giáo dục tuần trước rồi, mềm như bánh sáp, hể nó đễ ghi vào đấy mấy đều ấy, lần lần óc nó cứng thì mấy đều cũng khắc cứng, đến sau khó mà sữa lại.\nVẩn con nít nhỏ chưa biết tư-tưởng gì và làm việc gì tự nơi nó mà ra, chỉ có châm chỉ việc mình làm mà bắt chước, ấy vậy việc mình làm, việc mình nói trước mặt trẻ thì phải dè dặt lắm lắm và lại mình đừng thấy trẻ làm việc chi kỳ-cục, hay là nói lạ lùng, mình lấy đó mà làm trò cười cùng là hay biểu làm đi làm lại cho kẻ khác chia vui với mình, làm cho trẻ thấy vậy tưởng là ngộ hay làm hoài, và đụng đâu nói đó, xuất kỳ bất-ý, thét thành ra một cái tánh xấu-xa vô cùng, và lại nó ngở là ai ai cũng đều châm-chỉ việc nó làm cã, có nhiều người lớn nói nhỏ với nhau cũng tưởng là nói nó.
Luân lý;Chị dạy em luân-lý\n(Morale)'\nChị. — Bớ  em Năm !\nEm. — Dạ. \nChị. — Tết nhứt xong xả, em đã rữa ly rữa tách, sấp đặt vào tủ chưa ?\nEm. — Dạ cất đặt tữ tế cả rồi.\nChị — Em lại gần đây chị biễu.\nEm. —Dạ.\nChị. — Tuổi em năm nay nên bảy phải sữa soạn viết nghiên sách vở, đặng chị dạy em học vở lòng nghe!\nEm. — Em tưởng con gái học mà làm cái gì?\nChị. — Lúc trẻ thơ không học, thì lớn lên, làm mẹ người ta sao được?\nEm. — Con gái nước Nam mình,mấy ngàn năm nầy không học, đã sao ?\nChị. — Cũng ví mấy ngàn năm nầy không học, nên bây giờ mới đến đổi nghèo hèn như vậy.\nEm. — Vậy thì những nước giàu mạnh lập nhiều trường gái lắm sao?\nChị. — Các nước không kể, nước Pháp mình gần bảy ngàn trường.\nEm. — Nước mình đã có trường nào chưa?\nChị. — Saigon, Hanoi và Kinh-đô Huế, đã lập trường nữ học lâu rồi mà.\nEm. — Các tỉnh bạt đã lập trường chưa ?\nChị. — Đã, trường nữ Pháp-việc phái các bà giáo, cô giáo đi dạy rồi.\nEm. — Học thì học môn gì trước hết ?\nChị. — Phải học luân lý, mới biết lẹ ở đời.\nEm. — Biết đuợc những lẻ gì?\nChị. — Những lẻ mình đối với mình, và xã-hội mình, quốc-gia mình, và cỏi đời, và loài vật.\nEm. — Những đều gì là đối với mình mình ?\nChị, — Những nữ-hạnh, nữ-dung, nữ-ngôn, nữ-công.\nEm. — Nữ-hạnh ra thể nào?\nChị. — Nết na phải cho đoan-chánh, chớ có lả-lơi.\nEm. — Gái nước mình ,như bà nào là có nữ-hạnh ?\nChị. — Như bà Thể-Lan Họàng-hậu đời nhà Lý, vua Nhân-tôn ngự ra chùa phật, con gái theo coi biết mấy, mà bà ấy chỉ niềm hái dâu.\nEm. — Lả lơi thì có hại gì?
Luân lý;"Chị. — Em không nghe bà Cù-hậu đời Triệu Ai-vương, vì dâm-hạnh mà nước mình phải mất đó sao?\nEm. — Nữ dung ra thế nào ?\nChị — Hình dung phải cho dịu-dàng, chớ có trau-chuốt.\nEm.— Gái nước mình như bà nào là có nữ-dung ?\nChị — Mỷ-hòa Công-chúa con gái vua Thánh-tô, (Minh-Mạng), mà cả đời có tô son điểm phấn bao giờ?\nEm — Trau chuốt thì có hại gì ?/nChị. — Em không nghe nàng Nguyễn-thị-Lồ, vợ quan tễ- tướng đời nhà Lê, cũng vì đả dung, mà phải tru di tam-tộc đó sao\nEm.— Nữ-ngôn ra thế nào?\nChị — Nói năng phải cho êm thắm, chớ có kiêu ngoa.\nEm. — Gái nước mình như bà nào là có nữ-ngôn ?\nChị. — Như bà Chiêu-nghi hoàng-hậu đời nhà Trần, cả đời nói chuyện không hề trông thấy chưn răng.\nEm. — Kiêu ngoa thì có hại gì ?\nChị. — Em không nghe bà Dương-thị-Bí là thái-phi đời nhà Lê, cũng vì kiêu ngoa, mà phải giáng xuống làm tài-nhân đó sao ?\nEm.— Nữ-công ra thế nào ?\nChị. — Công nghệ thì phải tập tành, chớ có biếng nhác.\nEm. —  Gái nước mình như bà nào là có nữ-công?\nChị. — Như bà Thượng-dương Hoàng-hậu đời nhà Lý, ngày nào cũng dẫn các bà phi, bà tần, ra phương chức-cẩm, đặng học dệt gấm dệt sô.\nEm. — Biếng nhác thì có hại gì.\nChị. — Em không thấy cô Hoàng-thị-Nguyệt phủ Thừa-thiên, vẫn con nhà thế-phiệt, chĩ vì biếng nhác mà phải sa mình vào cỏi trăng hoa đó sao?\nEm.— Luân-lý thiệt có ích cho mình mình xin chị làm ơn dạy cho em ít chuyện nữa ;\nChị. — Thôi, chín giờ rưởi rồi em hảy ra sữa bàn sữa ghế, biểu đầy tớ dọn cơm đến hai giờ chiều chị sẻ dạy thêm cho ít chuyện."
Trách nhiệm;Trách nhiệm người đờn bà\nNăm cũ vừa qua, năm mới đã tới, cỏ cây còn thay đổi sắc xuân cho hạp theo thời tiết, huốn chi chị em ta cũng làm người chen vai trong võ-trụ, há không đổi tư-tưởng mới mà tô-điễm phận sự làm cho hạp theo thời đại hay sao?\nVã bấy lâu chị em ta khuê môn bất xuất, bỗn phận chĩ có giữ cho tròn bốn đức, cho vẹn ba tùng thì đũ, ngoài ra không nghĩa-vụ, không tư-tưởng gì khác. Bởi cho nên chị em ta yếu-ớt muôn phần, nhơn lực đã không có mà thế lực cũng không, té ra mỗi mỗi đều nương dựa đờn ông cả. Người đờn ông như cây cao bóng mát, còn phận ta như giây cát bò leo. Nên khi ta còn bé thì nương theo cha, khi xuất giả thì thì theo chồng, đến khi chồng khoản sớm có con thì lại theo con trước sau, sau trước thì ta cũng cứ nương dựa người. Ấy là thuận theo tình cảnh là vậy, còn như gặp lối nhgịch cảnh mẹ cha không có, chồng con cũng không, thì người đờn bà lúc đấy biết dựa nương vào đâu, lững-đững lờ-đờ như thuyền không lái nỗi trôi dữa biễn khơi! Thế thì hại biết là dường nào! Những tay biết giữ ngọc gìn vàng thì chẳng nói làm chi, còn như tay bở chí thì chi cho khỏi mảnh hườn nhan đam vầy gió bụi.\nThế thì chị em ta, phận đờn-bà yếu-ớt, nghĩ có nên kiếm một cái thế lực gì riêng chăng, dầu đến chơn nghịch cảnh có đũ sức đứng-đợt mộ mình, không nương dựa vào đâu, mà cũng không xiêu ngã,\nTheo trí tôi trù nhgĩ thì chị em ta nên có một cái thế lực riêng.
Trách nhiệm;Muốn có một cái thế-lực riêng thì chị em ta ngoại trừ ba tùng, bốn đức, nên biết nghề-nghiệp hay dở trên tay, học-thức ít nhiều trong mình đặng lấy hai cái biết đó mà nhồi nắn thành ra một cái thế-lực riêng cho mình, Chừng nào chị em ra có cái thế lực đó đặng thì ai lại còn dám gọi ta là Phụ nhơn nan hóa nữa. là gì dẩu ta còn theo chơn cha mẹ, ta cũng phụ lực cho cha mẹ đặng, theo chồng ta cũng phụ lực cho chồng đặng, theo con ra cũng phụ lực cho con đặng, cùng là ruổi một mình ta, ra cũng có thế làm ra tiền nuôi lấy thân ta khỏi dựa nương ai. Thế thì chẳng ngộ hay sao?\nNhứt là bấy lâu theo thói tục An-nam ta, mọi việc đều phú cho người đờn ông cả, dầu việc nước việc nhà là hai cái gánh nặng thì cũng một mình đởm đướng, chị em ta chẳng hề phụ lực chúc nào đặng, bởi cho nên trước mắt tôi thấy có lắm cái người đờn ông thế-lực thì yếu, còn gánh thì nặng, hè-huội một mình thấy cảnh tình mà thê thảm. Than ôi! lúc đấy phải chi người đờn bà có cái thế-lực riêng há đở vớt người đờn ông không đặng sao? Tĩ như: chồng làm việc, lương bổng không bao nhiêu, xây dụng trong nhà không đũ, lúc đấy người đờn bà có nghề thêu-tiễu, hoặc có học ra làm cô giáo thì cũng làm làm ra tiền phụ thêm cho chồng, có nước đồng nước sông mới dảy, chừng ấy gánh nặng cũng phải thành nhẹ.\nCuối xin chị em xét đoán rồi làm thế nào đừng đễ người rằng : Thân ta đây là vá móc áo, bụng ta đây tà túi đựng cơm, cùng là thân thễ ta hoàn toàn đây là bộ máy đẻ con cùng là món vưu-vật chi cũa đời đó. Thế thì rất hỗ thẹn cho ta lắm lắm.
Chọn bạn đời;"Nhắn với chị em\nNon cao suối chẩy ấy ai người tri-âm\n(Nguyển-khắc-Hiếu.)\nSân vắng trăng soi, phòng không đèn rạng, một mình một bóng chẳng biết than cùng ai, chẳng biết nói cùng ai!\nEm đây hổ sanh phận gái, trời cho lọt vào cữa thi-thơ, nhờ ơn cha mẹ cũng được xôi kinh nấu sữ, theo ngọn bút cung đời chút đĩnh.\nTừ thuở sơ sanh, lòng ta sẳn đã tơ vương một mối tình lai-láng cùng non nước, cảm kích cùng trời đất, buồn với nước mây gió bắc, vui với chị thắm huê cười.\nNhững mong gặp khách anh-tài, chia tình châu ngọc; Ủa trời xanh đả cưng phận bạc, hay vẩn ghét má hồng?\nMà chợt thấy;\nNón pa-na-ma phất phơ tóc quân-tữ, khói si-gà, nghi-ngút miệng văn-minh, ngồi lấy dạng. đứng lấy dạng, đi lấy dạng, đến cã chơn tay cũng lấy dạng!\nQuần ủi là nếp thẳng, giây cột hoa hòe, chiếc ba-ton đưa đẩy ngọn phu-la, (Foulard mối trước ngực, mối sau lưng. Xe cao-su chạy lẹ, Hàng-giấy xuống ấp, (hai-phố cô-đào Hànoi) Quảng-Lạc (nhà hát-bội) qua sán-nhiên-đài (Rạp hát chèo) Đông-hưng-Viên (tiệm bán tiên lầu chệt) đi Ô-tên Hanoi (Hàng cơm tây), quay về bàn bi-gia (billard) (1).\nThan ôi! lột vỏ sa-tanh (satin) thì cái giá áo, cất Ba-na-ma (Panama) thì đầu tóc cúm. chẳng ngắm đôi giầy láng, thì nghĩ nỉ tốt, để cắt áo Ba-đờ-suy (Pardesxus) chớ lắc bẩy ngày đố ra được cầu truyện thú tình có ý vị.\nThời trong lúc:\nGió thổi mảnh thưa, lay ngọn đèn biếc, ngồi buồn nghĩ vẩn lo vơ: dận cái thoi vàng mau qua. tiếc ngày xuân-xanh chẳng lại, những ôm cầm gian giú sợ giây tơ, mà tức thế-gian anh tài mấy mặt, biết tấm riêng nầy sẻ ngậm vành kết cỏ cùng ai…\nNhờ chuống gióng hộ mấy hồi, \nThữ xem có kiếm được người trai khôn.\nMà cùng nguyện biển thề non,\nTrăm năm tính cuộc vuông tròn với ai.\nXa sôi-gọi có vài lời.\nLÊ-THỊ-TẦN.\nEM là người Bắc-kỳ chỉ ở phần nhiều Long-biên (Hanoi) còn thơ ấu chưa đi đâu xa, em thấy các người con trai thiếu niên chốn kinh-kỳ ngoài nầy thế nào tả như thế, chắc chị em ai đã qua Bắc cũng biết những chốn những nói em kể trên ấy."
Lòng bác ái;"BÀN VỀ LÒNG BÁC ÁI\nNgười ngoại-quốc thường chê chị em ta rằng : “đàn bà An-nam không có lòng bác-ái, chỉ biết bo bo trong cái lợi nhản tiền, chẳng còn biết chi đồng-chưởng đồng-bào cả”. Than ôi ! con người ta đến để cho họ chê họ khi, thì còn ra người sao đặng. Vậy em phải bàn cho rỏ, để cùng chị em đúc nên chuông dư-luận (Lời bàn chung) dầu phải hay chăng, nên biết để mà rữa hổ với người ta.\nÔng A-li-sĩ-đa-đức (Aristote) là một nhà triết học Hy-lạp đời xưa có câu rằng : “Con nnười ta là một giống động vật biết yêu đàn, mến lũ.” Phàm người sanh ở đời ai cũng sẳn có cái lòng “ái-vật” cho nên đối với cha mẹ thì cái tánh ấy nó là chữ “hiếu,” đối với anh em chị em thì cái tánh ấy nó là chữ “hữu” đối với chúng bạn thì cái tánh ấy nó là chữ “tín.” Người ta không xét kỹ, chớ dẫu cho hiếu, hữu, tín, nghe có khác, nhưng vẩn trong vòng cái tình ái-vật, bởi nếu không có tình ấy, thì không làm sao mà hiếu, mà hữu, mà tín được. Thánh hiền ta đã cho là “tánh vốn lành” thiệt cũng phải vậy. \nSong le việc đời nó có hai lẻ, một là công, hai là tư ; công thì bao giờ cũng thuộc về phần rộng, còn tư thì bao giờ cũng thuộc về phần hẹp. Nay ta kễ từ phần hẹp mà ra phần rộng, hãy bỏ lẻ tư mà chiêu-tập lẻ công, đễ rải tỏ cùng chị em những điều sở kiến : \nChị em ta đương lúc còn để vá hai bên, mõ-ác còn che trước trán, quanh-quẩn trong chốn gia-đình, vấn-vít dưới chơn cha mẹ, ta yêu song-thân ta, cùng anh em ta, đó thiệt là yêu, nhưng yêu thì yêu, chưa lấy gì làm rộng. \nĐến khi biết vọc đất vọc cát chơi dởn ngoài đường, ra vào trong làng xóm yêu trẻ bạn trong làng xóm ta, đó thiệt là yêu, nhưng yêu thì yêu chưa lấy gì làm rộng. \nTới lúc má phấn đỏ hồng hồng, tóc mây xanh ngăn ngắt, tài-ba khách mẫn-mê đời, vẻ ngọc người treo cao giá ; kim chỉ thêu thùa, sữ kinh học tập, ta yêu bậu-bạn ta, đó thiệt là yêu, nhưng yêu thì yêu, chưa lấy gì làm rộng."
Lòng bác ái;"Kịp kỳ, thơ “đào-yêu” đã vịnh, chữ xướng-tùy đã hát khúc “quan-thư” trăm năm vẹn ước với chồng, một nhà, sum hiệp trước cùng mai, kể quyền kể thế bây giờ nhì trời mà nhứt ta, thì ta yêu chồng ta, đó thiệt là yêu, nhưng yêu thì yêu, chưa lấy gì làm rộng. Đến lúc nằm mộng thấy “hùng-bi” (điềm sanh con trai), ngũ mê thấy “hủy-xà” (điềm sanh con gái), hai ba năm, bốn năm năm, con trước con sau, tay bổng tay bế, miệng hôn môi hít, bụng ấp tay nâng, ta yêu con ta, đó thiệt là yêu, nhưng yêu thì yêu, chưa lấy gì làm rộng. \nTính tới độ gia môi tóc bạc, rể dâu phương-trưởng, con cái lớn khôn, cháu chắt một đoàn, quanh dưới ghế, thì ta yêu cháu chắt ta, đó thiệt là yêu, nhưng yêu thì yêu, chưa lấy gì làm rộng. \nThấy Mạnh-tử có câu rằng : “lòng thương xót ai ai cũng có” (trắc ẩn chi tâm, nhơn đai hữu chi), lấy cái nghĩa thiệt rộng mà nói, thì phàm trán tròn gót vuông sánh với ta là người, thì ta điềuphải thương yêu, mong cho được hay, được sung sướng cả ; lấy cái nghĩa loài-giống mà nói, thì phàm những người vàng da tóc điều nên kết tình-nghĩa với nhau cho cố-kết ; lấy cái nghĩa quốc-gia mà nói, thì phàm người trong ba xứ, không cứ Trung-kỳ, Nam-kỳ, Bắc-kỳ cùng chung một phong-tục, cùng chung một ngôn-ngữ, cùng chung một tổ-tiên, điều phải yêu nhau, như con một mẹ sanh ra cả. \nNgười ngày xưa như vua Hạ-Vỏ lo lắng cho thiên-hạ, có người bị chết chìm, cũng như mình bị chết chìm. Ông Hậu-tắc, lo thiên-hạ có người bị đói khát, cũng như mình bị đói khát ; ông Y-doãn lo dân trong thiên-hạ, những phường Thất-phu thất phụ, không được gội nhuần ơn huệ, như mình phải bị ở trong ngòi rạch ; ông Trương-hoành-Cừ rằng : “bao nhiêu những hạng người đui què, tàn tật, góa vợ, góa chồng, không cha, không mẹ ấy, điều là anh em khốn khổ, không biết kêu vào đâu được của bọn ta vậy.” Ôi ! chúng ta ở vào châu-Á theo cái học “đại-đồng” của Đức-Phu-tữ ta, vốn là một người sẳn có lòng bác-ái. Không còn phải đợi đến đời mới nẩy mới biết, xem những bực cao-hiền, triết-học của ta, chưa hề có ai xướng ra cái nghĩa “mạnh được yếu thua” khiến cho thành ra một cái công-lệ xô đẩy người ta vô cái trường tranh-cạnh xâu-xé lẫn nhau, làm cho nhơn-loại lúc nào cũng rộn-ràng những lo-lắng vô cùng, Thầy Mạnh-tử dạy người ta chỉ dạy “nhân-nghĩa”, không nói đến “quyền-lợi” khuyên người ta thân với người thân, mà nhân với dân, mà yêu-mến vật.” Thiệt là chứa-chan những tình bác-ái."
Lòng bác ái;Chị em ôi, ta vốn là một dân tộc sẳn lòng bác-ái như thế, cớ làm sao lại bị người ta nhiếc móc làm vậy ? \nCó lẻ ở cái buổi giao-thời, hai cái văn-minh u, Á gặp nhau hải còn đương xung-đột, bọn ta vào cái thời-buổi nhà cũ đã phá, nhà mới chưa xây dựng được, bến đò nọ đã bước qua, bến đò kia chưa đi tới, cho nên quốc-túy ta hóa lờ-mờ, quốc-hồn ta thành u-ám, phong-hóa ta mới suy-tồi, cang-thường ta mới đổ-nát, sanh-kế còn muôn đường chậm trễ, học-hành lại trăm nổi ngây-thơ, nước cổ mà sánh với đời nay vẩn chưa-già, dân khôn mà so với đời nay vẫn còn dại. Nghỉ đến mà nguy thay cho cái cảnh-tượng nầy, muốn cùng với cô con gái Tất-thất nước Lổ kia mà khóa buồng xuân, vắn thở giài than. \nThôi bao nhiêu bước quá-khứ điều như tro lạnh, không nói làm chi, bước hiện-tại dẩu có lo đó, mà ta còn vững rằng: mẹ Đại-pháp ta là một nước có nhiều nhân-đạo, cờ ba sắc đã phô cho ta một mầu bác-ái, chị em ta có “Nữ học-đường” mà nhận ơn giáo-dục, sự đắp nên cơ-sở mới là ở tại cái tụi mắt phụng môi son, dẩu yếu như cỏ bồ cây liểu, mà xem ra quyền-lực cũng to thay ! Ta nên biết rằng con người ta ở đời sự bỉnh-phú, sự tế-ngộ, không có bao giờ giống nhau, cho nên mới có kẻ khôn người dại, kẻ giàu người nghèo. Ta may mà được làm người không thì ta nên lấy sự giúp người ngu làm trách-nhiệm, mở trường học, dựng nhà in, lập nên tòa báo, tòa dịch sách, dúp vào sự giáo-dục, phàm những công việc làm, cho người ta mở trí khôn được, thì ta quyết ra tay tần tảo mới là. Ta may mà được làm người giàu, ta nên lấy sự giúp người nghèo làm trách-nhậm mở ra xưởng thợ, lập ra chợ làm cho kẻ nghèo nàn được nương dựa. Đến như những kẻ mắc hoạn-nạn, bị tàn-tật ta càng nên viện trợ phó trì lắm, đừng đễ cho nó phải bơ-vơ. Ông Ẩm-băng có nói rằng: “Yêu người khác tức là lợi cho ta.” Vì ta có yêu người thì người mới yêu ta, ta có được nhiều người yêu, thì ta làm việc gì mới dễ nên ích lợi ta, ta có yêu nhiều người, thì mới có lắm kẻ mong giúp ích ta. Ta nên yêu mến lẫn nhau, một mai chúng được gánh sầu nhẹ không. \nHởi chị em con nhà Hồng-Lạc, mấy lời nầy xin tạc giạ đừng quên, một mai được hưởng lợi-quyền, rữa sạch tiếng xấu của những kẻ chê bai ta ngày trước. Vậy các nhà thức-giã trong bọn ta, nghe em nói thì nghỉ thế nào, xin bàn thêm cho ra lẻ phải. Nữ-sanh Nguyển-song-Kim
Thói xa xỉ;Xa-si\nCuộc đời càng văn-minh, thì người ta càng xa-sí, là cái thế su-hướng tự nhiên cũa xả-hội. Bởi sao? Vì cái lòng chuộng lạ, lòng làm tốt, đặng lòa con mắt thiên-hạ mà thôi, chớ đối với cái cần-kiệm tri-gia, thì xa-sí thiệt là một cái hại lớn. Như xả hội ta ngày nay, cái trình-độ sanh huợt (sự sống trên đời) từ bực trung-lưu trở lên thì chẳng nói gì, từ bực trung-lưu trở xuống, có lắm kẻ thấy mình bồ-nâu áo vải, không có cái quần lảnh, manh áo hàng, đi đứng đâu coi ra hình hổ-thẹn. Ấy cũng là một cái dở của ta, mà chừa khó đặng. \nNào có phải vậy mà thôi đâu, lại còn cái tánh mới chuộng cũ vong, tuy xã-hội cũng nhờ đó mà tấn-hóa, nhưng rất đỗi đến có kẻ ăn bận theo Tàu theo Nhựt, một người xướng trước, năm bảy người, chín mười người hòa sau, mổi ngày một tô-điểm thêm lên, xa-sí không biết đến đâu là tột. Câu cách-ngôn bên Thái-tây có nói rằng:«Đờn-bà chỉ chuyên trao dồi bề mặt, thì việc nhà tất nhiên sao lảng» một lời ấy củng đủ rỏ đờn-bà ta muốn cho trọn cái nghĩa-vụ mình, tất phải dăn sự xa-sí trước đã.
Dưỡng thai;Cách bảo dưỡng khi có thai, nghe trong mình có khác độ thường\nỚn nghén. - Đờn-bà có thai được một vài tháng, thường thường khi ăn hay muốn âu-thổ. Lúc ấy nên ở chỗ yên tịnh, mát mẻ, và uống nước nóng, hoặc cafe, đặng ăn cho mau tiêu.\nNếu ăn ít thì không những là yếu người mẹ mà thôi, và hại lây đến cả con ở trong thai nửa.\nBí đại tiện. - Người có thai, thường hay có chứng bón, thì lúc ấy không cần phải dùng thuốc, cứ ăn những đồ trái cây không hại đến tì-vị, thì tự-nhiên cũng huợt-trường.\nSưng chơn. - Phàm có thai 7, 8 tháng, từ đầu gối trở xuống, thường hay nổi sưng, như bịnh phù vậy. Lúc ấy nên nằm một chổ, để vật gì gác chơn, cho cao hơn đầu, vuốt lần lần xuống, thì huyết nó cũng phải xuôi theo, như cả mặt mày đều sưng thũng cả, là có bịnh trong bao-tủ, nên rước thầy danh sư mà uống thuốc ngay.\nNhức răng. - Trong khi có thai, thì nước miếng biến ra chất chua, nó làm cho mạch máu đi không được thuận, phải ngược trở lên, cho nên mới sanh ra chứng nhứt răng. Lúc ấy rước thầy mà uống thuốc, không nên dùng vị gì mạnh, cho hại đến ngũ-tạng.\nPhàm người lúc đang có thai, thì thân thể không phải như người còn gái tơ. Thường hay sanh chứng nọ, tật kia, nên cách bảo dưởng rất phải trú-ý lắm mới đặng.
Nữ quyền;"Nữ-quyền\nNhững bà quần-xoa nước ta ngày nay, liếc mắt coi các bà đầm châu  u, ngẩm nghỉ mà thêm tủi lòng son, thêm phai da phấn, thêm châu mày liểu, thêm rối tóc mây.\nBởi sao? - Bởi từ đường ngôn-luận cho chí đường giao-thiệp của người ta, không kém chi đàn ông. Trong đã coi-sóc việc nhà, ngoài lại dự bàn việc nước. Yểu-điệu thanh-tao, vào giòng nữ-kiệt, đường ăn cách mặc, coi tựa tiên-nga. Kiếp xưa tu tự nơi nào, kiếp nầy được giáng-sanh vào trong các nước văn-minh.\nCái đó không phải ông trời xanh kia, ghét riêng gì khách má hồng ở phương Đông này, cũng không phải nước ta quen trọng nam khinh-nữ. Sách nho có câu «thê giả tề dả» phương ngôn ta có câu «lịnh ông không bằng cồng bà» thế thì cái nữ quyền ở Á-đông này có đã lâu lắm thay, chỉ vì có nữ quyền mà không có nữ-giáo, thời cái  «lưỡi giài» là nền loạn đã tưng đẩy dảy xưa nay.\nNhư ông An-dương vương vì yêu con gái mà Triệu-vỏ chiếm được sơn-hà; nhà Lý vì Chiêu-Hoàng làm, vua mà Trần cướp được thiên-hạ; nhà Hán vì Lữ-hậu chuyên-quyền mà tiếng  «gà mái gáy sớm» còn lưu-truyền trong sữ sách.\nCòn lắm ông vì quyền nội-trợ mà mất bạn bè, vì quyền nội-trợ mà quên danh giá. Đáng sợ thay con gái không có giáo-dục mà chuyên quyền gia-thất, thời bại-hoại cang thường, cầm quyền quốc-gia, thời đảo-điên chánh sự.\nVì thế mà cái quyền của đám môi son yếm thắm phải cam bề cúi dưới tay tài-tữ văn-nhơn: Khi ở nhà thời theo cha, lúc xuất giá thời theo chồng, lúc chồng chết thì theo con, quanh đi quẩn lại chỉ lụi đụi từ bếp ra đến sân.\nGần nay cái hơi bình-quyền ở  u-Mỷ tràn sang biển Nam hải nầy, không những các bà vui lòng nức dạ, nở mật tươi mày, mà đám nam-nhi chúng tôi cũng trông đêm trông ngày, cho tròn quả phước, rập rìu tài-tữ giai-nhân, cho xứng tiếng cha ông mẹ thánh."
Nữ quyền;"Ít lâu nay các bà cũng cố công mủi kim đường chỉ, đèn sách bút nghiên, làm cô giáo cũng có, làm bà mụ cũng có, mà lắm bà còn muốn thơm danh nức tiếng chẳng quản chi cái thân liễu-yếu đào-tơ; định trèo lên cái thang học-vấn cao-đẳng, để chen vai cùng đám tu-my chúng tôi. Như thế thời đáng quí hóa thay, đáng mừng rở thay cái Nữ-giới nhà ta có lẻ nay mai gần bằng các nước, tiếng cồng tiếng lịnh có hi-vọng rằng sẻ khua vang trong bốn biển năm châu.\nThế mai không dè lại có lắm bà vin lấy tiếng nữ-quyền rồi lộng quyền quá sức: Con gái thì lấn quyền cha mẹ, muốn ngược muốn xuôi, vợ thời lấn quyền chồng muốn sao muốn vậy, rủ nhau đánh bạc, bài cào, tức-sác, câu tôm, câu cá; công việc gia-đình thời xếp đó theo nhau chơi bời, nay xem hát, mai đi chùa, lòa loẹt áo quần, giông ruổi cho thỏa chi, không còn đoái-hoài đến sự bán-buôn nghệ-nghiệp cả!\nThế thời đem cái gương nữ-quyền mà treo ở các nước giáo-dục chưa phố-cập, khác gì vẻ đường cho hươu chạy, mà tưới thêm dầu vào đống lữa cháy, để cho cái thói hư càng ngày càng tệ-hại.\nTôi nói là mắt tôi thấy, tai tôi nghe không phải là bươi cấu người mình đâu. Các bà thữ gác tay lên trán nghĩ kỷ mà xem, cái thân ngàn vàng kia như hoa xuân, như trăng sáng, lại chẳng nên tự-trọng mà tu-tỉnh hay sao? Tôi thiết tưởng phong-hóa trong nước phần nhiều, ở các bà, cho nên tôi cũng muốn vì cái nử-quyền mà cùng các bà thỏ-thẻ một đôi lời. hết chua, hết cay, hết nồng, hết mặn, ai có tật thì chừa đặng để luyện nền con người có giáo-dục đừng để tiếng chê là phụ-nhân nan hóa. Tay tôi viết lòng những ước áo, dạ tôi những mong mỏi cho mau đến ngày tu-my chúng tôi cùng được với các bà dắt tay lên cái vỏ-đài mà hát khúc bình-đẳng."
